cost,turnover,strategy_ret,benchmark_ret,excess_ret,strategy_nav,benchmark_nav,excess_nav
0.003,0.5,-0.011720379660465463,-0.0063673926494070415,-0.0053529870110584216,0.9882796203395345,0.993632607350593,0.9946470129889415
0.00105,0.175,-0.019435433737198048,-0.0245949730771722,0.005159539339974151,0.9690719772646023,0.9691942401242047,0.9997789333818458
0.00096,0.16,-0.040523724413199916,-0.03755442096794238,-0.0029693034452575387,0.9298015715213768,0.9327967116308753,0.9968102863504591
0.00111,0.185,-0.011529182075736954,0.01002378970922037,-0.021552971784957325,0.9190817199090004,0.9421468697097155,0.9753260623737925
0.0009600000000000002,0.16000000000000003,0.03141307917199357,0.028150929883419298,0.003262149288574271,0.9479529067420339,0.9686691801787967,0.9785077215942931
0.0009000000000000002,0.15000000000000002,-0.0018282380694504123,-0.014222275431035823,0.012394037361585411,0.946219823149882,0.9548925002967381,0.9906353828543326
0.0008700000000000001,0.14500000000000002,-0.053462167902430906,-0.020471548141729537,-0.03299061976070137,0.8956328600920346,0.935344372506737,0.9579537076170885
0.00075,0.125,-0.04612363071834136,-0.046980931894400856,0.0008573011760594981,0.8543230207939377,0.8914010222441868,0.9587749624572393
0.00111,0.185,0.023423398088722278,0.010873882751691792,0.012549515337030486,0.8743341690063539,0.9010940124448084,0.9708071235533573
0.00105,0.175,-0.02821112223903888,-0.006578791757544327,-0.021632330481494554,0.8496682208867471,0.8951659025829639,0.949806303022862
0.0006600000000000001,0.11000000000000001,0.018300125227091887,0.02468470295203806,-0.0063845777249461715,0.8652172557304548,0.9172628069810174,0.9437421908575687
0.0012000000000000001,0.2,-0.052051065754134714,-0.04823473929072692,-0.003816326463407793,0.8201817754608169,0.8730188746252076,0.9401405625599645
0.0008400000000000001,0.14,0.019854784052039214,0.0062513167548179675,0.013603467297221245,0.8364663074960095,0.8784763921434244,0.9529297339575401
0.00075,0.125,-0.1240534808935247,-0.11094434315420432,-0.01310913773932039,0.732699750400976,0.781014405840597,0.9404376468191967
0.0010199999999999999,0.16999999999999998,0.08183430501623101,0.055497314172342584,0.02633699084388843,0.7926597252606059,0.8243586076946581,0.9652059445127219
0.00099,0.165,-0.01610379065616595,-0.011520049862615081,-0.00458374079355087,0.7798948989834351,0.8148619554293396,0.9607816906506812
0.00063,0.10500000000000001,0.04196964640051195,0.030898067089694694,0.011071579310817255,0.8126268121233329,0.8400396147970352,0.9714190613391012
0.0012000000000000001,0.2,0.02556703336868637,0.026714764135210043,-0.001147730766523674,0.8334032689451794,0.8624810749705707,0.9703041337952147
0.00099,0.165,0.0006926355830298137,-0.0005798277847159668,0.0012724633677457806,0.8339805137042642,0.861980984479511,0.9715388102610416
0.0010500000000000002,0.17500000000000002,0.03963325150987642,0.030404264578260523,0.009228986931615897,0.8670338731582413,0.8881888823930555,0.9805051292444985
0.00054,0.09,0.007083874456348212,0.007294448823832779,-0.0002105743674845669,0.8731758322650957,0.8946677307415688,0.9802986599970924
0.00096,0.16,0.03294655884418582,0.022993464338025342,0.009953094506160477,0.9019439712041385,0.9152392413027571,0.990055665204306
0.0007800000000000001,0.13,0.01948186846169345,0.014173398801740327,0.005308469659953123,0.919515525010955,0.9282112920687433,0.9953113456647077
0.00108,0.18,0.01660992402314813,0.013897879175362622,0.0027120448477855087,0.9347886080194922,0.9411114604551218,0.9980106746716602
0.0012000000000000001,0.2,-0.0342967086942212,-0.02387212182879504,-0.010424586865426157,0.9027284354395712,0.918645133016662,0.9876068257009228
0.0007199999999999999,0.12,-0.005576820721832244,-0.0031430842231109876,-0.0024337364987212563,0.8976940807946245,0.9157577539924396,0.9852032509228282
0.0008400000000000001,0.14,-0.0073907541908160785,-0.002892804247217567,-0.004497949943598511,0.8910594445049209,0.9131086460722678,0.9807718560159068
0.0009599999999999999,0.15999999999999998,0.000656634177343463,0.010716374916654529,-0.010059740739311067,0.8916445445902276,0.9228938606632171,0.9709055454199739
0.0008100000000000001,0.135,-0.004911315489193981,-0.009133620512376815,0.004222305023182834,0.8872653969275263,0.914464498366717,0.9750050047814367
0.0007800000000000001,0.13,0.018775268617846733,0.01956591387821747,-0.0007906452603707384,0.9039240430901611,0.9323568319864474,0.9742341216955684
0.0008700000000000001,0.14500000000000002,-0.0018417396863978472,0.006128271430915027,-0.007970011117312874,0.9022592503065127,0.9380705677233283,0.9664694649147892
0.00096,0.16,-0.019911966897510142,-0.017040968941107064,-0.0028709979564030784,0.8842934939814371,0.9220849363141884,0.9636947330560929
0.00096,0.16,-0.021713118632660487,-0.01322862798070519,-0.008484490651955296,0.8650927244405283,0.9098870177250757,0.9555182741021399
0.00096,0.16,0.026295217293306358,0.0162348569581009,0.010060360335205458,0.8878405256085504,0.9246589033058754,0.965131132246481
0.00093,0.155,-0.058841028818041194,-0.05855931423005889,-0.0002817145879823041,0.8355990756553928,0.870511512031565,0.9648592407272112
0.0009,0.15,-0.02301550111247173,-0.02486315377438109,0.001847652661909359,0.8163673442000657,0.8488678504455551,0.9666419654717087
0.0008100000000000001,0.135,-0.031113212266236673,-0.025676637992843115,-0.005436574273393557,0.7909675337327452,0.8270717779459017,0.9613867446306427
0.00093,0.155,0.05898988496832224,0.06068415983189654,-0.001694274863574298,0.8376266175613173,0.8772619339112216,0.9597578912350414
0.0008700000000000001,0.14500000000000002,-0.03873753091760023,-0.02869714578678385,-0.010040385130816381,0.8051790305661308,0.8520870203005754,0.9501215523747014
0.00099,0.165,-0.016682715195551336,-0.017451118645747513,0.0007684034501961763,0.791746458117766,0.8372171486128085,0.950851629053652
0.00102,0.17,0.07630906461381876,0.0634390578035976,0.012870006810221157,0.8521638897480367,0.8903294156978198,0.9630890959950824
0.0007800000000000001,0.13,0.000957676481318824,0.010790897258355088,-0.009833220777036264,0.8529799870634776,0.8999368689487062,0.9536188282862065
0.00105,0.175,0.0031042508234435835,0.006663529574427612,-0.0035592787509840284,0.8556278508907003,0.9059336248900636,0.9502246330541491
0.0009000000000000002,0.15000000000000002,-0.022110520310547135,-0.008568064190647725,-0.01354245611989941,0.8367094739153116,0.8981715274395393,0.9373562576569657
0.00075,0.125,0.03726500467849412,0.04426356004940728,-0.006998555370913158,0.867889456375306,0.9379277967790272,0.9307961179854815
0.0007800000000000001,0.13,-0.0008264770052181796,-0.012634700997196734,0.011808223991978554,0.8671721656965405,0.9260773595097647,0.9417871670375181
0.0009000000000000002,0.15000000000000002,-0.027647939522897087,-0.026729343863574104,-0.0009185956593229828,0.8431966421034228,0.9013239193231575,0.9409220454338714
0.00099,0.165,-0.010891056064616362,-0.015502282994554929,0.004611226929938567,0.8340133402007782,0.8873513408560485,0.9452608505087489
0.0009300000000000002,0.15500000000000003,0.021168642136783707,0.017925327231319673,0.0032433149054640342,0.851668270136792,0.9032574040100434,0.9483266291147555
0.00111,0.185,0.016477973784025778,0.011825564603447549,0.004652409180578229,0.8657020375647926,0.9139389327947065,0.9527386326302357
0.0015,0.25,0.014739064223989228,0.012979661641408055,0.0017594025825811727,0.8784616754952984,0.9258015509032913,0.9544148834410101
0.0015,0.25,0.02692329653551411,0.02463292223063867,0.002290374304875442,0.9021127596797429,0.9486067485076968,0.9566008507662341
0.0015,0.25,0.006128939942622487,0.0058770123094147395,0.0002519276332077474,0.9076417546052935,0.9541817220454704,0.9568418449544922
0.0015,0.25,0.014271005939490029,0.01884731398155833,-0.0045763080420683,0.9205947154761948,0.9721654845563253,0.9524630419244394
0.0015,0.25,-0.002400248436501865,4.0819741154220045e-05,-0.002441068177656085,0.9183850594497212,0.9722051680997641,0.9501380147024041
0.0015,0.25,-0.011513482533406444,-0.0075226863781064,-0.003990796155300044,0.9078112491088054,0.9648915735249753,0.9463462075663254
0.0015,0.25,0.019561121647814053,0.02014889017131789,-0.0005877685235038364,0.9255690553858767,0.9843330678671601,0.9457899750531806
0.0015,0.25,-0.01717970866522222,-0.02104731431774236,0.0038676056525201417,0.9096680486648024,0.9636155003944125,0.9494479177067933
0.0015,0.25,-0.011793953874191724,-0.00880412717345713,-0.002989826700734593,0.8989394656580239,0.9551317069826255,0.9466092329714767
0.0015,0.25,0.017854503712236534,0.01885530107177562,-0.0010007973595390872,0.9149895836846911,0.9731410028809818,0.9456618689506036
0.0015,0.25,0.017662700103895156,0.014266582902248283,0.0033961172016468734,0.9311507702995017,0.9870243996741604,0.9488734474906881
0.0015,0.25,-0.00024579979633878473,-0.0018268444451708258,0.001581044648832041,0.9309218936298014,0.9852212596323677,0.9503736587772621
0.0015,0.25,0.008710746548110456,0.013173719272909236,-0.004462972724798779,0.9390309183012976,0.9982002879284667,0.946132167059772
0.0015,0.25,-0.04046615011349092,-0.03550246477846777,-0.0049636853350231505,0.9010319522001081,0.96276171736443,0.9414358646971438
0.0015,0.25,0.00990615525807354,0.017599677224922377,-0.007693521966848837,0.9099577146110874,0.9797060128345557,0.934192907191717
0.0015,0.25,-0.0006172013662411702,0.004025592609059861,-0.004642793975301032,0.9093960874664078,0.9836499101188739,0.9298556419904384
0.0012300000000000002,0.20500000000000002,-0.01970257972181879,-0.015145926946375357,-0.004556652775443433,0.8914786385543908,0.9687516204394048,0.9256186126986008
0.0015,0.25,-0.011278573587366591,-0.008935090607387314,-0.0023434829799792774,0.8814240311278897,0.9600957369347254,0.9234494412337896
0.0015,0.25,-0.015379050685888369,-0.01782158813507078,0.0024425374491824116,0.8678685662774138,0.9429853061408375,0.9257050010764296
0.0015,0.25,0.01389430055525911,0.014326699269942702,-0.0004323987146835923,0.8799269929797341,0.9564951730378921,0.925304727423788
0.0015,0.25,-0.005023086415102816,-0.00520813635079236,0.0001850499356895437,0.8755070436550153,0.9515136157578361,0.925475955004091
0.0015,0.25,0.014544272198334233,0.014442491601283554,0.00010178059705067896,0.8882406564094927,0.9652558431619256,0.9255701504993473
0.0015,0.25,-0.04202171156719085,-0.03656418830368413,-0.005457523263506722,0.8509152637436007,0.9299620467513215,0.9205188298709898
0.0015,0.25,0.03303136278402426,0.03486633967713498,-0.0018349768931107263,0.8790221545187792,0.9623864193601968,0.9188296990885032
0.0015,0.25,-0.007722155149654632,-0.0056606934758227714,-0.0020614616738318606,0.8722342090616014,0.9569386448349041,0.9169355668790539
0.0015,0.25,0.0030857556742704575,0.0037180180254929225,-0.0006322623512224649,0.8749257107215062,0.960496559965691,0.9163558230416193
0.0015,0.25,-0.007080932069109732,-0.004502151339810974,-0.002578780729298758,0.8687304211983696,0.9561722590913576,0.913992742303979
0.0015,0.25,0.03678319301905668,0.04163789072982489,-0.004854697710768213,0.9006850999628357,0.9959852551342934,0.9095555838302571
0.0015,0.25,-0.00957679377667829,-0.00502601287191462,-0.004550780904763669,0.8920594245027648,0.9909794204217512,0.9054163956475412
0.0015,0.25,-0.023979132829804392,-0.02414886057649491,0.00016972774669051643,0.8706686130705341,0.9670483965638107,0.9055700699321911
0.0015,0.25,-0.0356221866486382,-0.03171487070797424,-0.003907315940663958,0.8396534932266246,0.9363785816984357,0.902031721562557
0.0015,0.25,-0.010331853687361043,-0.006417620015268891,-0.003914233672092152,0.8309783161865256,0.9303692597706587,0.8985009586247215
0.0015,0.25,0.026137006479378763,0.027084967823350382,-0.0009479613439716192,0.852697601820916,0.9555682812353813,0.8976492144484238
0.0015,0.25,-0.01621921022289775,-0.010823083884321863,-0.005396126338575887,0.8388675201604219,0.9452260855703735,0.8928053858795367
0.0015,0.25,-0.00965911080006921,-0.005695488128467565,-0.003963622671601646,0.830764805836613,0.9398425616212895,0.8892666422107365
0.0015,0.25,-0.01454373287757509,-0.009071879831839826,-0.005471853045735263,0.8186823844164348,0.9313164228414126,0.8844007058260849
0.0015,0.25,0.0031797542098461946,-0.0021521833725337515,0.0053319375823799465,0.8212855931748099,0.9293120591216056,0.8891162751873624
0.0015,0.25,-0.014126493627572873,-0.008459554376147902,-0.00566693925142497,0.8096837074764085,0.9214504932250565,0.8840777072684224
0.0015,0.25,-0.059064492252712486,-0.053127934065191076,-0.00593655818752141,0.7618601504090207,0.8724957321766578,0.878829328516933
0.0015,0.25,0.05677241738130904,0.050091307404001896,0.0066811099773071425,0.8051127928542285,0.9162001841057985,0.8847008839120376
0.0015,0.25,0.017668564122928825,0.010863435673693096,0.006805128449235729,0.8193379798609638,0.9261532658700578,0.8907213870662113
0.0015,0.25,-0.0005970232550041,-5.585547311890982e-06,-0.000591437707692209,0.8188488160332787,0.9261480927971731,0.8901945808508525
0.0015,0.25,0.013557154362689177,0.011125133793757059,0.0024320205689321184,0.8299500758319471,0.9364516142423746,0.8923595523818336
0.0015,0.25,-0.015079340827921393,-0.011088696180828927,-0.003990644647092466,0.817434975768318,0.926067586803994,0.8887984625108393
0.0015,0.25,0.0015168660179740883,-0.0019230275953644662,0.0034398936133385547,0.8186749151049645,0.9242867332793974,0.8918558346655755
0.0015,0.25,-0.008035412010514179,-0.008228180881290542,0.00019276887077636362,0.8120965248594234,0.9166815348517974,0.8920277567077193
0.0015,0.25,-0.024188931024485685,-0.024528368657434158,0.00033943763294847287,0.7924527780343743,0.8941968322234899,0.8923305444979804
0.0015,0.25,-0.02004477373576441,-0.017763345676207104,-0.0022814280595573055,0.7765682414023973,0.8783129047901347,0.8902947565553627
0.0015,0.25,-0.0015,,,0.7754033890402938,0.8783129047901347,0.8902947565553627
